"","baseMean","log2FoldChange","lfcSE","stat","pvalue","padj"
"PE13",3817.26650725407,-2.82908111764781,0.50421190923391,-4.61925050756253,3.85128658920061e-06,0.00906592863097825
"esxK",3397.97280984561,-3.80710497716464,0.505726304843597,-6.53931770107827,6.18001199921805e-11,2.90954964923186e-07
"metU",1328.04285878302,1.2916125694262,0.189095953893994,4.18630093941604,2.83537369096423e-05,0.0444964644568653
