"","baseMean","log2FoldChange","lfcSE","stat","pvalue","padj"
"moaD1",1770.81912921747,1.62061520750714,0.227871355318692,4.91775372968617,8.75429485572816e-07,0.00410488885785093
"uspB",2735.19916247515,-1.16773208991693,0.143486764568245,-4.65361451229424,3.2616632797228e-06,0.00764696955931011
